시도명,시군구명,시설명,상세주소,경도,위도,수용가능인원수
경상북도,포항시,양학중학교 운동장,경상북도 포항시 북구 득량동 205-6,129.34241854958464,36.0329916851765,2805
경상북도,포항시,양학생활체육운동장,경상북도 포항시 북구 득량동 219-0,129.34083095772428,36.03615389204863,5362
경상북도,포항시,양학초등학교 운동장,경상북도 포항시 북구 학잠동 191,129.34458389431293,36.03196675961016,4125
경상북도,포항시,선린요양병원 주차장,경상북도 포항시 북구 대신동 74-1,129.3673087666972,36.04656938504428,2888
경상북도,포항시,(구)포항중앙초등학교 운동장,경상북도 포항시 북구 동빈1가 90-0,129.36851464321336,36.0436516225064,4372
경상북도,포항시,포항고등학교 운동장,경상북도 포항시 북구 학산동 288,129.37140578912022,36.05637170921804,9900
경상북도,포항시,포항항도초등학교 운동장,경상북도 포항시 북구 학산동 174-1,129.36938413916786,36.05164411892086,3300
경상북도,포항시,포항여자고등학교 운동장,경상북도 포항시 북구 학산동 243,129.36487373612377,36.05023060227799,4125
경상북도,포항시,포항중학교 운동장,경상북도 포항시 북구 학산동 203-1,129.3668470806393,36.04968151023308,6188
경상북도,포항시,포항초등학교 운동장,경상북도 포항시 북구 덕산동 902-1,129.36360503105902,36.04264650835725,2475
경상북도,포항시,포항장흥초등학교 운동장,경상북도 포항시 북구 장성동 1429-1,129.39300079695084,36.07835716953214,3465
경상북도,포항시,장성초등학교 운동장,경상북도 포항시 북구 장성동 1344,129.3718484324176,36.06978983286234,4125
경상북도,포항시,장량초등학교 운동장,경상북도 포항시 북구 장성동 441-3,129.3803582398613,36.0714609350086,3465
경상북도,포항시,장성4어린이공원,경상북도 포항시 북구 장성동 1410-12,129.39418408473566,36.08323350830916,1320
경상북도,포항시,장성6어린이공원,경상북도 포항시 북구 장성동 1460-1,129.38709106644092,36.07664474322997,1568
경상북도,포항시,장성15어린이공원,경상북도 포항시 북구 장성동 1566-8,129.38430711063086,36.0763242699383,1320
경상북도,포항시,두호5어린이공원,경상북도 포항시 북구 두호동 1080-1,129.38173472193952,36.06738184957003,2062
경상북도,포항시,두호동산,경상북도 포항시 북구 두호동 산30-1,129.38343403788502,36.07012450772618,1485
경상북도,포항시,물의공원,경상북도 포항시 북구 두호동 105-1,129.38854060635654,36.0652558607962,3300
경상북도,포항시,창포6공원,경상북도 포항시 북구 두호동 1097-1,129.3724887176342,36.06735661578134,2145
경상북도,포항시,두호1어린이공원,경상북도 포항시 북구 두호동 1084-2,129.38123441890417,36.06453057716729,1320
경상북도,포항시,두호고등학교 운동장,경상북도 포항시 북구 두호동 1106-0,129.37325068331606,36.06223143717822,3300
경상북도,포항시,장원초등학교 운동장,경상북도 포항시 북구 장성동 1536-1,129.38489231813264,36.08138753173304,3465
경상북도,포항시,유성여자고등학교 운동장,경상북도 포항시 북구 우현동 205-2,129.36040208582287,36.05732102800293,2888
경상북도,포항시,창포중학교 운동장,경상북도 포항시 북구 창포동 647-0,129.36877984878888,36.06556931562906,3382
경상북도,포항시,두호초등학교 운동장,경상북도 포항시 북구 창포동 614-0,129.36866672659065,36.06432368609257,4125
경상북도,포항시,창포초등학교 운동장,경상북도 포항시 북구 창포동 646-0,129.3687611438872,36.06665225598889,2310
경상북도,포항시,포항동부초등학교 운동장,경상북도 포항시 북구 두호동 336-0,129.3803029853483,36.06263353570004,4290
경상북도,포항시,두호남부초등학교 운동장,경상북도 포항시 북구 두호동 919-9,129.37382781522675,36.06155418098957,2640
경상북도,포항시,경북과학고등학교 운동장,경상북도 포항시 북구 용흥동 418-1,129.35262408761596,36.04709089552274,2475
경상북도,포항시,동북지방통계청,경상북도 포항시 북구 용흥동 101-4,129.35645417995832,36.03466030818611,1650
경상북도,포항시,포항여자중학교 운동장,경상북도 포항시 북구 우현동 56,129.36310880376706,36.05345664677412,6188
경상북도,포항시,세화고등학교 운동장,경상북도 포항시 북구 우현동 318-3,129.3523837545112,36.05391427997876,2888
경상북도,포항시,대동중고등학교 운동장,경상북도 포항시 북구 우현동 201-6,129.35677927543887,36.05823890857673,7920
경상북도,포항시,중앙초등학교 운동장,경상북도 포항시 북구 우현동 산13-6,129.3650861917873,36.05913368182608,2475
경상북도,포항시,포항대흥초등학교 운동장,경상북도 포항시 북구 용흥동 418-8,129.35211515521402,36.04556126295846,5775
경상북도,포항시,동지여자고등학교 운동장,경상북도 포항시 북구 용흥동 511-0,129.3463840569721,36.03799347526122,4620
경상북도,포항시,대흥중학교 운동장,경상북도 포항시 북구 용흥동 418-9,129.3538214568403,36.04490788110151,4125
경상북도,포항시,용흥중학교 운동장,경상북도 포항시 북구 용흥동 340-0,129.3508590570537,36.037195421363634,3052
경상북도,포항시,포항남부초등학교 운동장,경상북도 포항시 북구 용흥동 615-6,129.35606393757928,36.02812671701441,4538
경상북도,포항시,포항여자전자고등학교 운동장,경상북도 포항시 북구 용흥동 430-0,129.34897013895568,36.050094323307,6352
경상북도,포항시,죽도동행정복지센터,경상북도 포항시 북구 죽도동 71-6,129.36350187436034,36.03112684633094,412
경상북도,포항시,죽도빗물펌프장,경상북도 포항시 북구 죽도동 45-1,129.36385739229644,36.03363289802298,578
경상북도,포항시,죽도초등학교 운동장,경상북도 포항시 북구 죽도동 633-5,129.35596494306762,36.0216826852999,5362
경상북도,포항시,대잠초등학교 운동장,경상북도 포항시 북구 죽도동 652-1,129.35369501856948,36.0197262525527,4620
경상북도,포항시,죽도2어린이공원,경상북도 포항시 북구 죽도동 195-6,129.35976098816926,36.02948341363661,825
경상북도,포항시,용흥초등학교 운동장,경상북도 포항시 북구 용흥동 532-1,129.34931674543614,36.038853834650936,3712
경상북도,포항시,덕장1리 마을회관 주변,경상북도 포항시 북구 흥해읍 덕장리 1025-17,129.33439593436364,36.13419161137509,165
경상북도,포항시,용전2리 마을회관 주변,경상북도 포항시 북구 흥해읍 용전리 250-2,129.34241734639178,36.12585477831124,165
경상북도,포항시,용전1리 마을회관 주변,경상북도 포항시 북구 흥해읍 용전리 797-21,129.32973003771477,36.12074828935826,165
경상북도,포항시,곡강초등학교 운동장,경상북도 포항시 북구 흥해읍 용천리 1203-0,129.3485656009897,36.1303846413322,3465
경상북도,포항시,영흥초등학교 운동장,경상북도 포항시 북구 죽도동 26-2,129.36817904697756,36.031068484276766,5445
경상북도,포항시,포항항도중학교 운동장,경상북도 포항시 북구 죽도동 655-9,129.3558615186639,36.018697761254494,3712
경상북도,포항시,용곡리 마을회관 주변,경상북도 포항시 북구 흥해읍 용곡리 367-0,129.30980462280164,36.12215647426661,165
경상북도,포항시,양백1리 마을회관 주변,경상북도 포항시 북구 흥해읍 양백리 477-0,129.32075517719568,36.1259793392959,165
경상북도,포항시,양백2리 마을회관 주변,경상북도 포항시 북구 흥해읍 양백리 204-0,129.3249183453395,36.13086791058964,165
경상북도,포항시,덕성2리 마을회관 주변,경상북도 포항시 북구 흥해읍 덕성리 254-1,129.321230425775,36.1449306443483,165
경상북도,포항시,덕성1리 마을회관 주변,경상북도 포항시 북구 흥해읍 덕성리 533-0,129.3053107627684,36.1498781367657,165
경상북도,포항시,덕장2리 마을회관 주변,경상북도 포항시 북구 흥해읍 덕장리 396-0,129.34469632781423,36.14460955867109,165
경상북도,포항시,용한1리 마을회관 주변,경상북도 포항시 북구 흥해읍 용한리 535-0,129.42564935034102,36.11154614864205,165
경상북도,포항시,죽천초등학교 운동장,경상북도 포항시 북구 흥해읍 우목리 20-0,129.42777869165306,36.09802641745592,3712
경상북도,포항시,죽천2리 마을회관 주변,경상북도 포항시 북구 흥해읍 죽천리 333-10,129.4164502484139,36.08380185005896,165
경상북도,포항시,죽천1리 마을회관 주변,경상북도 포항시 북구 흥해읍 죽천리 111-10,129.41929988463033,36.08949960871202,165
경상북도,포항시,포항대학교 운동장,경상북도 포항시 북구 흥해읍 죽천리 442-1,129.4094059578657,36.0854015489955,9075
경상북도,포항시,용곡리 정자 및 인근 공터,경상북도 포항시 북구 흥해읍 용곡리 173-1,129.31218391078025,36.12205984387701,165
경상북도,포항시,신광중학교 운동장,경상북도 포항시 북구 신광면 토성리 344-0,129.26392792098375,36.13046343409916,4950
경상북도,포항시,사정1리 마을회관 주변,경상북도 포항시 북구 신광면 사정리 928-1,129.27119806069797,36.1329215755456,165
경상북도,포항시,사정2리 마을회관 주변,경상북도 포항시 북구 신광면 사정리 501-2,129.27443259576873,36.14173912989852,165
경상북도,포항시,안덕1리 마을회관 주변,경상북도 포항시 북구 신광면 안덕리 233-0,129.26664038181636,36.14612968720709,165
경상북도,포항시,안덕2리 마을회관 주변,경상북도 포항시 북구 신광면 안덕리 562-4,129.266741598537,36.15808288295389,165
경상북도,포항시,포항환경학교 운동장,경상북도 포항시 북구 신광면 만석리 800-68,129.276700290905,36.15888004258278,4125
경상북도,포항시,장성고등학교 운동장,경상북도 포항시 북구 장성동 1498-1,129.38518006782968,36.08580912521396,3465
경상북도,포항시,상읍1리 마을회관 주변,경상북도 포항시 북구 신광면 상읍리 245-1,129.25810872283242,36.13376735173737,165
경상북도,포항시,죽성1리 마을회관 주변,경상북도 포항시 북구 신광면 죽성리 672-0,129.24527577070222,36.12199992615822,165
경상북도,포항시,상읍2리 마을회관 주변,경상북도 포항시 북구 신광면 상읍리 628-3,129.24734070381487,36.1467439160894,165
경상북도,포항시,대련3리 마을회관 주변,경상북도 포항시 북구 흥해읍 대련리 1132-26,129.32088433505987,36.04618782247109,165
경상북도,포항시,대련1리 마을회관 주변,경상북도 포항시 북구 흥해읍 대련리 662-6,129.3125367038348,36.04685389458224,165
경상북도,포항시,냉수2리 마을회관 주변,경상북도 포항시 북구 신광면 냉수리 320-0,129.26022157633818,36.09467345266796,165
경상북도,포항시,냉수1리 마을회관 주변,경상북도 포항시 북구 신광면 냉수리 192-9,129.2562502929661,36.08992214281432,165
경상북도,포항시,흥곡2리 마을회관 주변,경상북도 포항시 북구 신광면 흥곡리 544-1,129.23998257057778,36.10461175136071,165
경상북도,포항시,흥곡1리 마을회관 주변,경상북도 포항시 북구 신광면 흥곡리 662-2,129.23939815873138,36.09313316596759,165
경상북도,포항시,우각1리 마을회관 주변,경상북도 포항시 북구 신광면 우각리 102-0,129.26346691134418,36.104589146367545,165
경상북도,포항시,우각2리 마을회관 주변,경상북도 포항시 북구 신광면 우각리 513-0,129.25745276069406,36.1149923544321,165
경상북도,포항시,죽성2리 마을회관 주변,경상북도 포항시 북구 신광면 죽성리 473-18,129.24994243094088,36.13205833501123,165
경상북도,포항시,오도2리 마을회관 주변,경상북도 포항시 북구 흥해읍 오도리 77-0,129.39903214204335,36.1644207801599,165
경상북도,포항시,오도1리 마을회관 주변,경상북도 포항시 북구 흥해읍 오도리 322-0,129.39952884493854,36.154299297783886,165
경상북도,포항시,초곡리 마을회관 주변,경상북도 포항시 북구 흥해읍 초곡리 1010-16,129.31943988751624,36.08601978697309,165
경상북도,포항시,도음산도립공원,경상북도 포항시 북구 흥해읍 학천리 707-2,129.3048521511219,36.079664505737775,13200
경상북도,포항시,농산물 도매시장 주차장,경상북도 포항시 북구 흥해읍 학천리 4-0,129.3356288856233,36.08010996807675,16500
경상북도,포항시,학천초등학교 운동장,경상북도 포항시 북구 흥해읍 학천리 109-0,129.32814758841636,36.076848757590575,2475
경상북도,포항시,성곡1리 마을회관 주변,경상북도 포항시 북구 흥해읍 성곡리 591-0,129.346099264691,36.091312954062566,165
경상북도,포항시,성곡농장경로당 주변,경상북도 포항시 북구 흥해읍 성곡리 169-2,129.35685786282994,36.08676401981749,165
경상북도,포항시,성곡3리 새마을복지관 주변,경상북도 포항시 북구 흥해읍 성곡리 349-1,129.3486307361173,36.08035032122109,165
경상북도,포항시,달전초등학교 운동장,경상북도 포항시 북구 흥해읍 이인리 286-0,129.33478834118353,36.06313641718218,2145
경상북도,포항시,칠포2리 마을회관 주변,경상북도 포항시 북구 흥해읍 칠포리 377-15,129.39460175106376,36.14165059825632,165
경상북도,포항시,칠포1리 마을회관 주변,경상북도 포항시 북구 흥해읍 칠포리 143-1,129.39545299314045,36.14382335861245,165
경상북도,포항시,금장2리 마을회관 주변,경상북도 포항시 북구 흥해읍 금장리 184-1,129.37433335978193,36.12887527896383,165
경상북도,포항시,상대리 마을회관 주변,경상북도 포항시 북구 청하면 상대리 173-40,129.32018222116452,36.18945234160713,165
경상북도,포항시,청진1리 마을회관 주변,경상북도 포항시 북구 청하면 청진리 48-0,129.39211644718802,36.180022705596414,165
경상북도,포항시,청진3리 어민복지회관 주변,경상북도 포항시 북구 청하면 청진리 429-0,129.39697165060662,36.170544108875546,165
경상북도,포항시,청진2리 마을회관 주변,경상북도 포항시 북구 청하면 청진리 262-0,129.39441617416873,36.17496844721176,165
경상북도,포항시,신흥리 마을회관 공터,경상북도 포항시 북구 청하면 신흥리 162-1,129.37645077416826,36.15479595487886,165
경상북도,포항시,소동리 마을회관,경상북도 포항시 북구 청하면 소동리 371-2,129.35617894726855,36.16338837097184,165
경상북도,포항시,호암경로당 주변,경상북도 포항시 북구 청하면 소동리 793-93,129.344391104181,36.1672075498169,165
경상북도,포항시,고현1리 마을회관,경상북도 포항시 북구 청하면 고현리 402-0,129.32997174178124,36.16441833132433,165
경상북도,포항시,고현2리 마을회관,경상북도 포항시 북구 청하면 고현리 395-3,129.32988074014813,36.16607362318199,165
경상북도,포항시,하대리 마을회관 주변,경상북도 포항시 북구 청하면 하대리 217-6,129.33268970723276,36.19024126134168,165
경상북도,포항시,청하중학교 운동장,경상북도 포항시 북구 청하면 덕성리 384-1,129.33488728733604,36.194106744318624,3382
경상북도,포항시,청하면민복지회관,경상북도 포항시 북구 청하면 덕천리 164-1,129.34087967681796,36.20136341786999,2475
경상북도,포항시,미남리 마을회관 주변,경상북도 포항시 북구 청하면 미남리 525-1,129.3414813596968,36.194322942070414,165
경상북도,포항시,필화1리 마을회관 주변,경상북도 포항시 북구 청하면 필화리 508-11,129.350791675954,36.19779479785102,165
경상북도,포항시,필화2리 마을회관 주변,경상북도 포항시 북구 청하면 필화리 399-5,129.35850473363638,36.199222144736126,165
경상북도,포항시,용두1리 마을회관 주변,경상북도 포항시 북구 청하면 용두리 104-22,129.37270244748592,36.19483427804922,165
경상북도,포항시,월포초등학교 운동장,경상북도 포항시 북구 청하면 월포리 306,129.36797369333655,36.20318907852587,2228
경상북도,포항시,방어리 마을회관 주변,경상북도 포항시 북구 청하면 방어리 132-1,129.38060025371084,36.21140087156665,165
경상북도,포항시,이가리 마을회관 주변,경상북도 포항시 북구 청하면 이가리 73-0,129.38793324457828,36.18355955528112,165
경상북도,포항시,호리 마을회관 주변,경상북도 포항시 북구 신광면 호리 425-0,129.29205771188575,36.1319856921798,165
경상북도,포항시,청하초등학교 운동장,경상북도 포항시 북구 청하면 덕성리 327,129.33775036074897,36.19856059474903,2722
경상북도,포항시,기일리 노인정 주변,경상북도 포항시 북구 신광면 기일리 618-0,129.23651813129095,36.173374577757656,165
경상북도,포항시,마북리 마을회관 주변,경상북도 포항시 북구 신광면 마북리 256-0,129.24530587918255,36.19409228376504,165
경상북도,포항시,인비리 마을회관 주변,경상북도 포항시 북구 기계면 인비리 1083-1,129.1536460931856,36.0878704212313,165
경상북도,포항시,구지리 마을회관 주변,경상북도 포항시 북구 기계면 구지리 276-0,129.14201859365187,36.10631285474693,165
경상북도,포항시,가안2리 마을회관 주변,경상북도 포항시 북구 기계면 가안리 934-0,129.12609865976873,36.127148336545645,165
경상북도,포항시,가안1리 마을회관 주변,경상북도 포항시 북구 기계면 가안리 198-0,129.13237487082307,36.10675422246302,165
경상북도,포항시,남계리 마을회관 주변,경상북도 포항시 북구 기계면 남계리 131-1,129.12522094095297,36.10323265914573,165
경상북도,포항시,만석1리 마을회관 주변,경상북도 포항시 북구 신광면 만석리 446-1,129.27453803460574,36.15025192683792,165
경상북도,포항시,반곡리 마을회관 주변,경상북도 포항시 북구 신광면 반곡리 389-6,129.27087065119224,36.17016742783989,165
경상북도,포항시,기일리 마을회관 주변,경상북도 포항시 북구 신광면 기일리 277-0,129.24441016897757,36.17639513353894,165
경상북도,포항시,대전2리 마을회관 주변,경상북도 포항시 북구 송라면 대전리 562-7,129.34315253649078,36.25894639862127,165
경상북도,포항시,지경3리 마을회관 주변,경상북도 포항시 북구 송라면 지경리 461-0,129.3587145679215,36.26998340705652,165
경상북도,포항시,(구)지경리검문소 주변,경상북도 포항시 북구 송라면 지경리 199-1,129.37435627567297,36.26326615892588,660
경상북도,포항시,기계초등학교 운동장,경상북도 포항시 북구 기계면 현내리 842-2,129.20359749944294,36.07171714753262,5610
경상북도,포항시,기계면사무소,경상북도 포항시 북구 기계면 현내리 284-0,129.2102679729892,36.07208731215282,1238
경상북도,포항시,지가1리 마을숲 주변,경상북도 포항시 북구 기계면 지가리 1015-1,129.1640930918825,36.08887661689437,165
경상북도,포항시,지가2리 마을회관 주변,경상북도 포항시 북구 기계면 지가리 232-13,129.1834011586292,36.08391650936746,165
경상북도,포항시,봉계1리 마을회관 주변,경상북도 포항시 북구 기계면 봉계리 174-0,129.1688548669793,36.07127575162615,165
경상북도,포항시,봉계2리 마을회관 주변,경상북도 포항시 북구 기계면 봉계리 1319-3,129.16059675439018,36.080188196753454,165
경상북도,포항시,고지리 마을쉼터 주변,경상북도 포항시 북구 기계면 고지리 496-0,129.17808729993578,36.07321865839222,165
경상북도,포항시,대전1리 마을회관 주변,경상북도 포항시 북구 송라면 대전리 293-0,129.35575366068082,36.25327668940572,165
경상북도,포항시,화진3리 마을회관 주변,경상북도 포항시 북구 송라면 화진리 610-0,129.3714888534793,36.24461778398524,165
경상북도,포항시,화진2리 마을회관 주변,경상북도 포항시 북구 송라면 화진리 63-1,129.38327918199442,36.24015715861639,165
경상북도,포항시,탑정2리 마을회관 주변,경상북도 포항시 북구 기북면 탑정리 251-0,129.20257198406233,36.1535880891561,165
경상북도,포항시,탑정1리 마을회관 주변,경상북도 포항시 북구 기북면 탑정리 747-0,129.18627747073407,36.156379125366215,165
경상북도,포항시,성법리 마을회관 주변,경상북도 포항시 북구 기북면 성법리 620-0,129.19713885379022,36.17679621124451,165
경상북도,포항시,보경사 주차장,경상북도 포항시 북구 송라면 중산리 544-32,129.3205348150398,36.24382107880664,8250
경상북도,포항시,중산1리 마을회관 주변,경상북도 포항시 북구 송라면 중산리 494-0,129.32853564315465,36.23682702545658,165
경상북도,포항시,송라초등학교 운동장,경상북도 포항시 북구 송라면 광천리 189-5,129.3557702659446,36.22892213878859,4125
경상북도,포항시,광천1리 경로당 주변,경상북도 포항시 북구 송라면 광천리 727-4,129.3433261402552,36.232846630587865,165
경상북도,포항시,조사리 마을회관 주변,경상북도 포항시 북구 송라면 조사리 60-5,129.38494593702023,36.2232728522457,165
경상북도,포항시,대곡2리 마을회관 주변,경상북도 포항시 북구 기북면 대곡리 601-12,129.1641943097022,36.11273657240793,165
경상북도,포항시,율산1리 마을회관 주변,경상북도 포항시 북구 기북면 율산리 1152-6,129.1751862287152,36.12427042764549,165
경상북도,포항시,율산2리 마을회관 주변,경상북도 포항시 북구 기북면 율산리 775-0,129.17736084470852,36.13125805026178,165
경상북도,포항시,기북초등학교 운동장,경상북도 포항시 북구 기북면 용기리 126-8,129.1676585829737,36.128997023994366,1650
경상북도,포항시,용기1리 마을회관 주변,경상북도 포항시 북구 기북면 용기리 358-1,129.16529154376587,36.13270385748095,165
경상북도,포항시,오덕2리 마을회관 주변,경상북도 포항시 북구 기북면 오덕리 983-3,129.17578940119273,36.14423123841972,165
경상북도,포항시,오덕1리 마을회관 주변,경상북도 포항시 북구 기북면 오덕리 241-1,129.1857837739744,36.16583470345686,165
경상북도,포항시,친환경영농지원센터,경상북도 포항시 북구 죽장면 합덕리 276-0,129.09597867110315,36.20247465585121,1238
경상북도,포항시,월평리 마을회관 주변,경상북도 포항시 북구 죽장면 월평리 399-1,129.06990935693898,36.20470142079408,165
경상북도,포항시,방흥리 마을회관 주변,경상북도 포항시 북구 죽장면 방흥리 290-1,129.0944461278525,36.18147890126816,165
경상북도,포항시,현내리 마을회관 주변,경상북도 포항시 북구 죽장면 현내리 247-1,129.0819263203177,36.183116055042994,165
경상북도,포항시,봉계리 마을회관 주변,경상북도 포항시 북구 죽장면 봉계리 255-0,129.05268214815683,36.197051223257006,165
경상북도,포항시,두마리 마을회관 주변,경상북도 포항시 북구 죽장면 두마리 885-0,129.02551776857916,36.16817178913868,165
경상북도,포항시,죽장초등학교 상옥분교장 운동장,경상북도 포항시 북구 죽장면 상옥리 748-1,129.213984443718,36.24642113457816,1650
경상북도,포항시,포항학생야영장,경상북도 포항시 북구 죽장면 하옥리 446-1,129.24876108348388,36.30284298354909,990
경상북도,포항시,관천리 마을회관 주변,경상북도 포항시 북구 기북면 관천리 58-0,129.1547152885111,36.12229321825901,165
경상북도,포항시,침곡리 마을회관 주변,경상북도 포항시 북구 죽장면 침곡리 382-6,129.12779439589804,36.166238443175146,165
경상북도,포항시,경북간호고등학교 운동장,경상북도 포항시 북구 죽장면 입암리 643-8,129.09360529571453,36.163499888142944,4290
경상북도,포항시,일광리 마을회관 주변,경상북도 포항시 북구 죽장면 일광리 240-0,129.07996970352997,36.14719294635858,165
경상북도,포항시,지동리 마을회관 주변,경상북도 포항시 북구 죽장면 지동리 639-0,129.08123918249024,36.1230020203631,165
경상북도,포항시,정자리 마을회관 주변,경상북도 포항시 북구 죽장면 정자리 425-1,129.10229182817562,36.13104288191728,165
경상북도,포항시,감곡리 마을회관 주변,경상북도 포항시 북구 죽장면 감곡리 328-1,129.121879147096,36.14460932366662,165
경상북도,포항시,상사리 마을회관 주변,경상북도 포항시 북구 죽장면 상사리 626-1,129.1088097314618,36.25323931660993,165
경상북도,포항시,하사리 마을회관 주변,경상북도 포항시 북구 죽장면 하사리 519-1,129.0692730999462,36.2609959917051,165
경상북도,포항시,하사리 소공원,경상북도 포항시 북구 죽장면 하사리 300-3,129.0821996646676,36.25602142952947,248
경상북도,포항시,석계리마을회관 주변,경상북도 포항시 북구 죽장면 석계리 293-3,129.12487890911558,36.21525373686119,165
경상북도,포항시,가사리 마을회관 주변,경상북도 포항시 북구 죽장면 가사리 608-4,129.14975335909716,36.1933542851644,165
경상북도,포항시,매현1리 마을회관 주변,경상북도 포항시 북구 죽장면 매현리 714-1,129.11210090940557,36.17242277679722,165
경상북도,포항시,매현2리 마을회관 주변,경상북도 포항시 북구 죽장면 매현리 603-0,129.11914926416617,36.177750680476215,165
경상북도,포항시,용한2리 마을회관 주변,경상북도 포항시 북구 흥해읍 용한리 197-0,129.4309358365132,36.10233085575368,165
경상북도,포항시,남송1리 마을회관 주변,경상북도 포항시 북구 흥해읍 남송리 709-0,129.36794459122535,36.10013395275704,165
경상북도,포항시,남송3리 마을회관 주변,경상북도 포항시 북구 흥해읍 남송리 228-0,129.38334109723868,36.11260379422316,165
경상북도,포항시,곡강3리 마을회관 주변,경상북도 포항시 북구 흥해읍 곡강리 507-6,129.39845324485276,36.12813120087064,165
경상북도,포항시,망천어린이공원,경상북도 포항시 북구 흥해읍 망천리 989-0,129.35235588608722,36.111212936038,1238
경상북도,포항시,남성7 어린이공원,경상북도 포항시 북구 흥해읍 남성리 299-5,129.34865284656948,36.10735132429743,990
경상북도,포항시,중성어린이공원,경상북도 포항시 북구 흥해읍 중성리 138-0,129.3508910903276,36.11008675335669,1238
경상북도,포항시,흥해초등학교 운동장,경상북도 포항시 북구 흥해읍 약성리 100-0,129.3466433522742,36.114194525501055,4538
경상북도,포항시,흥해남산초등학교 운동장,경상북도 포항시 북구 흥해읍 남성리 338-0,129.34565592262288,36.10476191779778,2640
경상북도,포항시,흥해중학교 운동장,경상북도 포항시 북구 흥해읍 옥성리 177-1,129.34160704579932,36.10841693501121,5775
경상북도,포항시,농업기술센터,경상북도 포항시 북구 흥해읍 매산리 16-1,129.30520280666585,36.11353285143884,1650
경상북도,포항시,흥해공업고등학교 운동장,경상북도 포항시 북구 흥해읍 옥성리 376-0,129.33837356083072,36.10665618027637,4290
경상북도,포항시,흥해서부초등학교 운동장,경상북도 포항시 북구 흥해읍 매산리 1-6,129.31449551980654,36.11556972844018,3630
경상북도,포항시,포항해양과학고등학교 운동장,경상북도 포항시 북구 여남동 390,129.40592023240973,36.07495724289365,6848
경상북도,포항시,항구초등학교 운동장,경상북도 포항시 북구 환호동 504-0,129.40048625668422,36.07034639561582,4950
경상북도,포항시,대도중학교 운동장,경상북도 포항시 북구 환호동 493,129.3965764232547,36.07253171674276,4455
경상북도,포항시,환호공원,경상북도 포항시 북구 환호동 323-3,129.3953454441508,36.06795605937157,24750
경상북도,포항시,포항송곡초등학교 운동장,경상북도 포항시 북구 양덕동 336-2,129.38432552018645,36.09179116509659,2062
경상북도,포항시,양덕초등학교 운동장,경상북도 포항시 북구 양덕동 1851-0,129.40359334707065,36.07977130376061,1650
경상북도,포항시,양덕축구장,경상북도 포항시 북구 양덕동 502-0,129.3994092323627,36.07764920301813,24750
경상북도,포항시,장흥중학교 운동장,경상북도 포항시 북구 장성동 1372-1,129.38665244843526,36.0856330792659,3300
경상북도,포항시,신광초등학교 운동장,경상북도 포항시 북구 신광면 토성리 483-0,129.26217130504563,36.12924073578338,3300
경상북도,포항시,포항예술고등학교 운동장,경상북도 포항시 북구 흥해읍 대련리 614-1,129.31535462254814,36.051961435879264,2888
경상북도,포항시,흥안1리 마을회관 주변,경상북도 포항시 북구 흥해읍 흥안리 497-1,129.37421647593013,36.125509179282886,165
경상북도,포항시,흥안2리 마을회관 주변,경상북도 포항시 북구 흥해읍 흥안리 398-1,129.37652325755798,36.12317841616472,165
경상북도,포항시,서정2리 마을회관 주변,경상북도 포항시 북구 청하면 서정리 707-126,129.3263625671801,36.19386903328132,165
경상북도,포항시,서정1리 마을회관 주변,경상북도 포항시 북구 청하면 서정리 589-1,129.31109147625406,36.19101989018928,165
경상북도,포항시,명안2리 마을회관 주변,경상북도 포항시 북구 청하면 명안리 484-4,129.2890683407745,36.179998426355326,165
경상북도,포항시,유계리 마을회관 주변,경상북도 포항시 북구 청하면 유계리 466-4,129.30494959983932,36.194031307824666,165
경상북도,포항시,청계리 마을회관 주변,경상북도 포항시 북구 청하면 청계리 555-1,129.32591830494567,36.211992625088826,165
경상북도,포항시,상송2리 마을회관 주변,경상북도 포항시 북구 송라면 상송리 70-0,129.34135642598957,36.20855547696991,165
경상북도,포항시,상송1리 마을회관 주변,경상북도 포항시 북구 송라면 상송리 367-0,129.33772069044076,36.20946572048602,165
경상북도,포항시,하송2리 마을회관 주변,경상북도 포항시 북구 송라면 하송리 237-24,129.3518512144271,36.21331928989006,165
경상북도,포항시,하송1리 마을회관 주변,경상북도 포항시 북구 송라면 하송리 452-0,129.34249108485943,36.20912955653459,165
경상북도,포항시,중산2리 마을회관 주변,경상북도 포항시 북구 송라면 중산리 267-3,129.32940615536944,36.23958346682114,165
경상북도,포항시,용천2리 마을회관 주변,경상북도 포항시 북구 흥해읍 용천리 1053-1,129.35327576381945,36.1423941604383,165
경상북도,포항시,금장1리 마을회관 주변,경상북도 포항시 북구 흥해읍 금장리 683-13,129.36236533962614,36.13457582014667,165
경상북도,포항시,고지2리 마을회관 주변,경상북도 포항시 북구 기계면 고지리 45-0,129.18821775578954,36.0711589943062,165
경상북도,포항시,새마을운동기념관 주차장,경상북도 포항시 북구 기계면 문성리 298-1,129.19531063659727,36.06508298139124,1072
경상북도,포항시,학야리 마을회관 주변,경상북도 포항시 북구 기계면 학야리 453-0,129.19845464325164,36.0531408828803,165
경상북도,포항시,성계1리 마을회관 주변,경상북도 포항시 북구 기계면 성계리 182-0,129.2208832862378,36.05127201755829,165
경상북도,포항시,성계2리 마을회관 주변,경상북도 포항시 북구 기계면 성계리 655-0,129.2111045732559,36.058140608129726,165
경상북도,포항시,내단2리 마을회관 주변,경상북도 포항시 북구 기계면 내단리 661-0,129.2250938399245,36.07129254791916,165
경상북도,포항시,내단3리 마을회관 주변,경상북도 포항시 북구 기계면 내단리 115-0,129.243976033903,36.07185805874276,165
경상북도,포항시,내단1리 마을회관 주변,경상북도 포항시 북구 기계면 내단리 467-2,129.23096977215397,36.06207367674535,165
경상북도,포항시,화대리 마을회관 주변,경상북도 포항시 북구 기계면 화대리 349-0,129.2206051656269,36.07693189536615,165
경상북도,포항시,화봉리 마을회관 주변,경상북도 포항시 북구 기계면 화봉리 775-4,129.21669954346982,36.0884138189186,165
경상북도,포항시,계전리 마을회관 주변,경상북도 포항시 북구 기계면 계전리 141-1,129.208773902686,36.10206387000423,165
경상북도,포항시,미현리 마을회관 주변,경상북도 포항시 북구 기계면 미현리 142-5,129.22068234217053,36.10726827233522,165
경상북도,포항시,방석2리부둣가,경상북도 포항시 북구 송라면 방석리 36-6,129.38190456117496,36.233164958306695,165
경상북도,포항시,방석보건진료소,경상북도 포항시 북구 송라면 방석리 270-4,129.36933779041502,36.23067961692959,165
경상북도,포항시,화진1리 마을회관,경상북도 포항시 북구 송라면 화진리 8-0,129.38478420745915,36.237787669299,165
경상북도,포항시,대곡1리 마을회관 주변,경상북도 포항시 북구 기북면 대곡리 310-0,129.16134266755608,36.12143115518508,165
경상북도,포항시,수곡리 경로당 주변,경상북도 포항시 북구 기북면 대곡리 335-0,129.1717027471345,36.11623223368288,165
경상북도,포항시,진전리 경로당 주변,경상북도 포항시 남구 오천읍 진전리 158-0,129.3994567888544,35.88432553510073,165
경상북도,포항시,갈평리 마을회관 주변,경상북도 포항시 남구 오천읍 갈평리 139-0,129.402526359081,35.91972606928212,165
경상북도,포항시,문충초등학교 운동장,경상북도 포항시 남구 오천읍 문충리 149-4,129.39880273149817,35.93032239874368,2310
경상북도,포항시,문충2리 마을회관 주변,경상북도 포항시 남구 오천읍 문충리 289-1,129.39302153386393,35.93773637782252,165
경상북도,포항시,용산2리 마을회관 주변,경상북도 포항시 남구 오천읍 용산리 113-6,129.4078379296019,35.94329336989011,165
경상북도,포항시,연일근린공원,경상북도 포항시 남구 연일읍 동문리 9-2,129.35187771204167,35.9965410591354,11550
경상북도,포항시,유강중학교 운동장,경상북도 포항시 남구 연일읍 유강리 143-5,129.3179238036263,36.008570500633944,2228
경상북도,포항시,유강초등학교 운동장,경상북도 포항시 남구 연일읍 유강리 582-0,129.3145724493226,36.0038173702489,3630
경상북도,포항시,유강1리 마을회관 주변,경상북도 포항시 남구 연일읍 유강리 339-1,129.30596430154773,36.00239178182028,165
경상북도,포항시,자명2리 마을회관 주변,경상북도 포항시 남구 연일읍 자명리 709-1,129.30409632269476,36.01148047907134,165
경상북도,포항시,자명1리 마을회관 주변,경상북도 포항시 남구 연일읍 자명리 230-4,129.30600060095105,36.01789727313744,165
경상북도,포항시,학전리 마을회관 주변,경상북도 포항시 남구 연일읍 학전리 167-2,129.3009451791152,36.02676863070364,165
경상북도,포항시,달전리 마을회관 주변,경상북도 포항시 남구 연일읍 달전리 128-6,129.29320065390635,36.02571421532266,165
경상북도,포항시,중명2리 마을회관 주변,경상북도 포항시 남구 연일읍 중명리 631-2,129.3151188960594,35.99124290788005,165
경상북도,포항시,중명1리 마을회관 주변,경상북도 포항시 남구 연일읍 중명리 841-22,129.31171354351605,35.9962538896858,165
경상북도,포항시,중단1리 마을회관 주변,경상북도 포항시 남구 연일읍 중단리 536-1,129.32556493313092,35.99149950701862,165
경상북도,포항시,중단2리 마을회관 주변,경상북도 포항시 남구 연일읍 중단리 381-0,129.32368487682376,35.990729651012344,165
경상북도,포항시,택전2리 마을회관,경상북도 포항시 남구 연일읍 택전리 517-0,129.32939608521124,35.98512222085008,165
경상북도,포항시,택전1리 마을회관,경상북도 포항시 남구 연일읍 택전리 383-3,129.33342063716103,35.98719326642809,165
경상북도,포항시,인주리 마을회관,경상북도 포항시 남구 연일읍 인주리 117-0,129.3404595999797,35.98254431710992,165
경상북도,포항시,우복2리 마을회관,경상북도 포항시 남구 연일읍 우복리 591-0,129.3261594049997,35.97303248150399,165
경상북도,포항시,우복1리 마을회관,경상북도 포항시 남구 연일읍 우복리 323-0,129.34282822541982,35.97100640133435,165
경상북도,포항시,원동초등학교 운동장,경상북도 포항시 남구 오천읍 원리 978-0,129.40157480421755,35.96502820130789,1980
경상북도,포항시,원동 10 어린이공원,경상북도 포항시 남구 오천읍 원리 1328-0,129.4055487901847,35.972426713120555,3052
경상북도,포항시,삼정2리 마을회관 주변,경상북도 포항시 남구 구룡포읍 삼정리 148-40,129.57431892174384,36.005410487947145,165
경상북도,포항시,삼정3리 마을회관 주변,경상북도 포항시 남구 구룡포읍 삼정리 115-1,129.57578817377922,36.00822810602048,165
경상북도,포항시,석병2리 경로당,경상북도 포항시 남구 구룡포읍 석병리 196-1,129.57646709089582,36.0263314177604,165
경상북도,포항시,석병1리경로당,경상북도 포항시 남구 구룡포읍 석병리 881-2,129.5769215582811,36.01237804664981,412
경상북도,포항시,구평3리 마을회관 주변,경상북도 포항시 남구 구룡포읍 구평리 1072-0,129.51760012227638,35.960691408699574,165
경상북도,포항시,오천초등학교 운동장,경상북도 포항시 남구 오천읍 용덕리 221-2,129.41691619944848,35.97005891491299,3465
경상북도,포항시,오천중고등학교 운동장,경상북도 포항시 남구 오천읍 용덕리 267-0,129.41339214353707,35.9688875184686,6270
경상북도,포항시 남구,구정초등학교 운동장,경상북도 포항시 남구 오천읍 구정리 441-1,129.4086227464105,35.98060760453794,3712
경상북도,포항시,공수리 마을회관 주변,경상북도 포항시 남구 대송면 공수리 207-0,129.35202537433307,35.96443492046112,165
경상북도,포항시,장동1리 마을회관 주변,경상북도 포항시 남구 대송면 장동리 155-0,129.3541787596751,35.95994896884876,165
경상북도,포항시,장동3리 마을회관 주변,경상북도 포항시 남구 대송면 장동리 398-1,129.34564196472414,35.95828601785283,165
경상북도,포항시,홍계리 마을회관 주변,경상북도 포항시 남구 대송면 홍계리 120-2,129.33900259577644,35.95302691972114,165
경상북도,포항시,홍계리경로당 주변,경상북도 포항시 남구 대송면 홍계리 286-0,129.33221701866685,35.94834228393937,165
경상북도,포항시,대각2리 마을회관 주변,경상북도 포항시 남구 대송면 대각리 72-6,129.3677708186539,35.94826494267828,165
경상북도,포항시,대각1리 마을회관 주변,경상북도 포항시 남구 대송면 대각리 379-0,129.3625685687853,35.953905236587694,165
경상북도,포항시,남성초등학교 운동장,경상북도 포항시 남구 대송면 송동리 795-0,129.35950025076136,35.97006360368426,3712
경상북도,포항시,대송면행정복지센터,경상북도 포항시 남구 대송면 송동리 782-1,129.36028387324018,35.968856884754054,2475
경상북도,포항시,대송초등학교 운동장,경상북도 포항시 남구 대송면 제내리 974-0,129.3624241236016,35.98435236183901,4950
경상북도,포항시,남성1리 마을회관 주변,경상북도 포항시 남구 대송면 남성리 268-1,129.3534538098259,35.976210896694255,165
경상북도,포항시,포은중학교 운동장,경상북도 포항시 남구 오천읍 원리 982-0,129.40475487222267,35.96521866920459,2062
경상북도,포항시,원동8 어린이공원,경상북도 포항시 남구 오천읍 원리 1135-0,129.40348557968343,35.97398814208505,3300
경상북도,포항시,원동12 근린공원,경상북도 포항시 남구 오천읍 원리 919-0,129.40636108084632,35.96878435287139,2228
경상북도,포항시,원동7 근린공원,경상북도 포항시 남구 오천읍 원리 1429-0,129.40857968440565,35.97277877980918,7920
경상북도,포항시,문덕초등학교 운동장,경상북도 포항시 남구 오천읍 문덕리 1188-403,129.40942991308887,35.9601403125836,4042
경상북도,포항시,문덕1 어린이공원,경상북도 포항시 남구 오천읍 문덕리 219-5,129.4016439650203,35.96188695591209,990
경상북도,포항시,문덕3 어린이공원,경상북도 포항시 남구 오천읍 문덕리 404-5,129.40485356660372,35.95615039739255,1238
경상북도,포항시,문덕근린공원,경상북도 포항시 남구 오천읍 문덕리 383-1,129.40088102559966,35.95605027128464,7425
경상북도,포항시,오천읍민운동장,경상북도 포항시 남구 오천읍 문덕리 613-0,129.40145410980003,35.94667032261754,8250
경상북도,포항시,문덕5 어린이공원,경상북도 포항시 남구 오천읍 문덕리 319-6,129.40443119905223,35.95993671763112,1238
경상북도,포항시,오천읍행정복지센터,경상북도 포항시 남구 오천읍 문덕리 27-2,129.4147216237343,35.96298590981468,2475
경상북도,포항시,문덕2리 마을회관 주변,경상북도 포항시 남구 오천읍 문덕리 1043-18,129.391383,35.941852,165
경상북도,포항시,항사리 마을회관 주변,경상북도 포항시 남구 오천읍 항사리 87-13,129.38350780334915,35.92944935873248,165
경상북도,포항시,영암3리 마을회관 주변,경상북도 포항시 남구 장기면 영암리 375-0,129.52396370614397,35.911626103016495,165
경상북도,포항시,영암1리 마을회관 주변,경상북도 포항시 남구 장기면 영암리 106-7,129.52697617957892,35.904073602525905,165
경상북도,포항시,신창1리 마을회관 주변,경상북도 포항시 남구 장기면 신창리 177-47,129.52413083506937,35.89386474235377,165
경상북도,포항시,신창2리 마을회관 주변,경상북도 포항시 남구 장기면 신창리 368-0,129.5273743009108,35.88613829034592,165
경상북도,포항시,양포초등학교 운동장,경상북도 포항시 남구 장기면 양포리 487-18,129.5132231056683,35.87620185507385,2475
경상북도,포항시,양포항 주차장,경상북도 포항시 남구 장기면 양포리 9-32,129.5198767820061,35.88151312504894,1568
경상북도,포항시,계원1리 공동작업장 주변,경상북도 포항시 남구 장기면 계원리 96-0,129.52858783872915,35.87060705213567,165
경상북도,포항시,계원2리 마을회관 주변,경상북도 포항시 남구 장기면 계원리 372-1,129.5250937316357,35.859819400136104,165
경상북도,포항시,대송중학교 운동장,경상북도 포항시 남구 대송면 남성리 83-5,129.3595988729941,35.97774044322972,4125
경상북도,포항시,남성2리 마을회관 주변,경상북도 포항시 남구 대송면 남성리 447-0,129.35451143824292,35.97373972556442,165
경상북도,포항시,석곡도서관 주차장,경상북도 포항시 남구 동해면 도구리 737-8,129.43769523843466,35.99066352042566,1650
경상북도,포항시,포항동성고등학교 운동장,경상북도 포항시 남구 동해면 도구리 621-0,129.4396339212717,35.99007533020906,4125
경상북도,포항시,동해초등학교 운동장,경상북도 포항시 남구 동해면 도구리 644-2,129.44104872928818,35.98836517329187,3712
경상북도,포항시,동해면민운동장,경상북도 포항시 남구 동해면 약전리 370-1,129.4496680061048,35.99021228872115,7425
경상북도,포항시,금광1리 마을회관 주변,경상북도 포항시 남구 동해면 금광리 681-0,129.45486409914287,35.96951083874365,165
경상북도,포항시,금광2리 마을회관 주변,경상북도 포항시 남구 동해면 금광리 595-7,129.4537237998146,35.967490551417114,165
경상북도,포항시,신정1리 마을회관 주변,경상북도 포항시 남구 동해면 신정리 96-1,129.456829752437,35.97695035088116,165
경상북도,포항시,석리 마을회관 주변,경상북도 포항시 남구 동해면 석리 295-5,129.4597533678185,35.987366006338895,165
경상북도,포항시,석리 경로당 주변,경상북도 포항시 남구 동해면 석리 124-3,129.47114207408052,35.99027123931897,165
경상북도,포항시,청룡회관 주변,경상북도 포항시 남구 동해면 임곡리 310-2,129.46120017425855,36.000207028539656,825
경상북도,포항시,임곡교 옆 삼거리,경상북도 포항시 남구 동해면 임곡리 634-2,129.45644931966334,35.992437090950816,165
경상북도,포항시,입암1리 마을회관 주변,경상북도 포항시 남구 동해면 입암리 603-1,129.46814981991378,36.00799804841816,165
경상북도,포항시,입암2리 마을회관 주변,경상북도 포항시 남구 동해면 입암리 417-3,129.47692778874583,36.01330013397679,165
경상북도,포항시,마산리 마을회관 주변,경상북도 포항시 남구 동해면 마산리 185-0,129.48751865361376,36.01605760441743,165
경상북도,포항시,용산1리 마을회관 주변,경상북도 포항시 남구 오천읍 용산리 281-1,129.40214683984533,35.93921054667074,165
경상북도,포항시,광명리 마을회관 주변,경상북도 포항시 남구 오천읍 광명리 66-0,129.42317671308805,35.951607730106275,165
경상북도,포항시,신흥중학교 운동장,경상북도 포항시 남구 오천읍 세계리 700-3,129.42205747557816,35.96474501558762,2805
경상북도,포항시,세계2리 경로당 주변,경상북도 포항시 남구 오천읍 세계리 409-2,129.43447285111966,35.954479745548504,165
경상북도,포항시,세계1리 마을회관 주변,경상북도 포항시 남구 오천읍 세계리 146-1,129.42844957025963,35.964234224752225,165
경상북도,포항시,수성리 마을회관 주변,경상북도 포항시 남구 장기면 수성리 460-6,129.50337566594848,35.878823241826744,165
경상북도,포항시,장기중학교 운동장,경상북도 포항시 남구 장기면 임중리 331-2,129.49287883887956,35.89179275024058,4290
경상북도,포항시,방산1리 마을회관 주변,경상북도 포항시 남구 장기면 방산리 236-2,129.46674448640616,35.90309878178154,165
경상북도,포항시,방산2리 마을공터,경상북도 포항시 남구 장기면 방산리 1172-0,129.44924106334142,35.911505164108895,165
경상북도,포항시,방산2리 마을회관 주변,경상북도 포항시 남구 장기면 방산리 905-11,129.45526114001802,35.91600072714749,165
경상북도,포항시,산서리 마을회관 주변,경상북도 포항시 남구 장기면 산서리 1266-11,129.4621745382262,35.89130923946926,165
경상북도,포항시,서촌2리 마을회관 주변,경상북도 포항시 남구 장기면 서촌리 142-3,129.4835336803392,35.90805325749907,165
경상북도,포항시,금오리 경로당 주변,경상북도 포항시 남구 장기면 금오리 227-1,129.49683988205956,35.9162641130197,165
경상북도,포항시,금오리 마을회관 주변,경상북도 포항시 남구 장기면 금오리 493-5,129.4890176127632,35.92230405208298,165
경상북도,포항시,대진리 마을회관 주변,경상북도 포항시 남구 장기면 대진리 128-0,129.51737500502352,35.925053400352,165
경상북도,포항시,장기초등학교 모포분교 운동장,경상북도 포항시 남구 장기면 모포리 95-0,129.52329161548914,35.934536521400545,1238
경상북도,포항시,학계리 마을회관 주변,경상북도 포항시 남구 장기면 학계리 561-0,129.50191080140928,35.92848992134302,165
경상북도,포항시,학곡리 마을회관 주변,경상북도 포항시 남구 장기면 학곡리 495-0,129.4910951461333,35.93167219508187,165
경상북도,포항시,신계리 마을회관 주변,경상북도 포항시 남구 장기면 신계리 401-0,129.47873147545096,35.93696956084784,165
경상북도,포항시,창지2리 마을회관 주변,경상북도 포항시 남구 장기면 창지리 470-1,129.48237109441217,35.92713922944951,165
경상북도,포항시,창지1리 마을회관 주변,경상북도 포항시 남구 장기면 창지리 183-1,129.47955610204608,35.932795954782655,165
경상북도,포항시,대곡리 마을회관 주변,경상북도 포항시 남구 장기면 대곡리 226-4,129.47099522438873,35.93683720088343,165
경상북도,포항시,정천2리 마을회관 주변,경상북도 포항시 남구 장기면 정천리 159-7,129.46420801509666,35.951648851882,165
경상북도,포항시,흥환리 마을회관 주변,경상북도 포항시 남구 동해면 흥환리 320-1,129.50388961275496,36.02589308462024,165
경상북도,포항시,중흥리 마을회관 주변,경상북도 포항시 남구 동해면 중흥리 225-0,129.50439570029155,36.018492020787555,165
경상북도,포항시,발산리 어민복지회관 주변,경상북도 포항시 남구 동해면 발산리 342-5,129.50437766398989,36.03227873395442,165
경상북도,포항시,발산2리 마을회관 주변,경상북도 포항시 남구 동해면 발산리 108-5,129.5165638730013,36.04406541132035,165
경상북도,포항시,상정1리 마을회관 주변,경상북도 포항시 남구 동해면 상정리 748-1,129.48673072996,35.984086537462794,165
경상북도,포항시,상정2리 마을회관 주변,경상북도 포항시 남구 동해면 상정리 339-1,129.4965127600948,35.983030920522395,165
경상북도,포항시,장기면사무소,경상북도 포항시 남구 장기면 읍내리 108-0,129.49278436789592,35.89596383332722,825
경상북도,포항시,마현리 마을회관 주변,경상북도 포항시 남구 장기면 마현리 134-0,129.50014089227074,35.899001754670074,165
경상북도,포항시,장기초등학교 운동장,경상북도 포항시 남구 장기면 마현리 299-0,129.49431935019243,35.89700457796941,4125
경상북도,포항시,금곡리 마을회관 주변,경상북도 포항시 남구 장기면 금곡리 406-1,129.5132815219029,35.90177897057591,165
경상북도,포항시,금곡리 노인정 주변,경상북도 포항시 남구 장기면 금곡리 450-2,129.5137542398959,35.90747551152493,165
경상북도,포항시,정천1리 마을회관 주변,경상북도 포항시 남구 장기면 정천리 491-0,129.4479324538616,35.94873176079618,165
경상북도,포항시,강사3리 마을회관 주변,경상북도 포항시 남구 호미곶면 강사리 1038-10,129.5595737531535,36.03121893430772,165
경상북도,포항시,강사2리 마을회관 주변,경상북도 포항시 남구 호미곶면 강사리 562-0,129.5769272395447,36.04889890958278,165
경상북도,포항시,강사1리 마을회관 주변,경상북도 포항시 남구 호미곶면 강사리 169-7,129.57786290760097,36.039707426008896,165
경상북도,포항시,호미곶해맞이광장,경상북도 포항시 남구 호미곶면 대보리 295-2,129.56445495153616,36.07633023026788,4950
경상북도,포항시,대보1리 마을회관 주변,경상북도 포항시 남구 호미곶면 대보리 89-1,129.56720009758504,36.06839329643368,248
경상북도,포항시,대보초등학교 운동장,경상북도 포항시 남구 호미곶면 구만리 123-0,129.55733094209782,36.078314836944486,3300
경상북도,포항시,호미곶면사무소,경상북도 포항시 남구 호미곶면 구만리 47-6,129.55576556377855,36.08046731293333,990
경상북도,포항시,구만2리 마을회관 주변,경상북도 포항시 남구 호미곶면 구만리 576-16,129.55060482709965,36.08036341543685,165
경상북도,포항시,대동배1리 마을회관 주변,경상북도 포항시 남구 호미곶면 대동배리 393-0,129.53274676128402,36.05701792934033,165
경상북도,포항시,대동배2리 마을회관 주변,경상북도 포항시 남구 호미곶면 대동배리 50-2,129.54033918180076,36.06560737435462,165
경상북도,포항시,(구)포항역 폐철도부지,경상북도 포항시 북구 대흥동 612-8,129.36028747310286,36.03587839549306,1238
경상북도,포항시,두원리 마을회관 주변,경상북도 포항시 남구 장기면 두원리 131-2,129.51622354285556,35.84474377206432,165
경상북도,포항시,영일대 주변 공원,경상북도 포항시 남구 대잠동 780-244,129.33539445309478,36.01495831084612,1650
경상북도,포항시,세명고등학교 운동장,경상북도 포항시 남구 대잠동 913-0,129.34851157523798,36.01731550833761,4950
경상북도,포항시,포항이동중학교 운동장,경상북도 포항시 남구 이동 664-0,129.33995765870063,36.02984026163945,3465
경상북도,포항시,포항이동고등학교 운동장,경상북도 포항시 남구 이동 146-1,129.33441900429543,36.02974180181867,2805
경상북도,포항시,구룡포초등학교 운동장,경상북도 포항시 남구 구룡포읍 구룡포리 765-1,129.5523010119575,35.99046478162693,3960
경상북도,포항시,구룡포과메기문화관,경상북도 포항시 남구 구룡포읍 구룡포리 353-0,129.56173573412931,35.992728126133464,2475
경상북도,포항시,구룡포중학교(포항과학기술고등학교) 운동장,경상북도 포항시 남구 구룡포읍 구룡포리 199-30,129.56578340157898,35.9918317753416,2888
경상북도,포항시,신흥초등학교 운동장,경상북도 포항시 남구 상도동 607-6,129.3533496847067,36.01326174878239,3548
경상북도,포항시,상대초등학교 운동장,경상북도 포항시 남구 대도동 74-1,129.3618933187617,36.022199620185525,4125
경상북도,포항시,상도중학교 운동장,경상북도 포항시 남구 대도동 156-1,129.36137210856086,36.014683960397946,3960
경상북도,포항시,포항종합운동장,경상북도 포항시 남구 대도동 313-1,129.36349436270578,36.008955211010814,14025
경상북도,포항시,대해초등학교 운동장,경상북도 포항시 남구 대도동 13-1,129.36688752205382,36.02317983019715,6188
경상북도,포항시,해도근린공원,경상북도 포항시 남구 해도동 201,129.36899079998346,36.01100512702996,14025
경상북도,포항시,포항운하부지,경상북도 포항시 남구 해도동 550-0,129.37362106059442,36.02872546094078,8250
경상북도,포항시,형산강변체육공원,경상북도 포항시 남구 해도동 119-1,129.37363720147303,36.016833139148645,16500
경상북도,포항시,송도공영주차장,경상북도 포항시 남구 송도동 430-1,129.37148635634003,36.0349590014261,2888
경상북도,포항시,송림초등학교 운동장,경상북도 포항시 남구 송도동 471-1,129.37495838423445,36.02999974871448,2888
경상북도,포항시,송도중학교 운동장,경상북도 포항시 남구 송도동 492-1,129.3772886910298,36.028653066569724,3300
경상북도,포항시,송도초등학교 운동장,경상북도 포항시 남구 송도동 산24-38,129.3806676225252,36.03236204597638,3960
경상북도,포항시,포항운하관 공영주차장,경상북도 포항시 남구 송도동 222-0,129.37732620878018,36.023472731212145,5775
경상북도,포항시,송림테마거리,경상북도 포항시 남구 송도동 254-473,129.37635634274233,36.04029888117204,3069
경상북도,포항시,상가번영회 주차장,경상북도 포항시 남구 송도동 254-612,129.3779985194223,36.036842601136726,2062
경상북도,포항시,청림초등학교 운동장,경상북도 포항시 남구 청림동 934-6,129.40401614817148,35.994831492832915,4538
경상북도,포항시,포스텍 운동장,경상북도 포항시 남구 효자동 519-0,129.31936874105116,36.0130733515892,7425
경상북도,포항시,효자초등학교 운동장,경상북도 포항시 남구 효자동 595-11,129.33738556414772,36.00530558861655,2475
경상북도,포항시,"지곡""라""공원",경상북도 포항시 남구 지곡동 965-1,129.3134,36.0333,2475
경상북도,포항시,포항제철고등학교 운동장,경상북도 포항시 남구 지곡동 477-0,129.3269359215873,36.02864502200237,7012
경상북도,포항시,포항제철중학교 운동장,경상북도 포항시 남구 지곡동 52-0,129.3266176640068,36.0201607682859,8250
경상북도,포항시,포항제철지곡초등학교 운동장,경상북도 포항시 남구 지곡동 644-1,129.32132652306177,36.02941665914109,4950
경상북도,포항시,포항제철초등학교 운동장,경상북도 포항시 남구 지곡동 166-25,129.3273735283257,36.01363976825206,4950
경상북도,포항시,이동초등학교 운동장,경상북도 포항시 남구 대잠동 470-1,129.34323268601213,36.026948647364755,2722
경상북도,포항시,성모병원 야외주차장,경상북도 포항시 남구 대잠동 733-7,129.33982198320342,36.014229030216086,2888
경상북도,포항시,대이초등학교 운동장,경상북도 포항시 남구 대잠동 1-0,129.3455268121662,36.02211903594563,2722
경상북도,포항시,하정1리 선박출입대행신고소 주변,경상북도 포항시 남구 구룡포읍 하정리 261-1,129.54767109953332,35.9648950107016,165
경상북도,포항시,하정3리 버스승강장 주변,경상북도 포항시 남구 구룡포읍 하정리 28-2,129.5507924030356,35.974845469134955,165
경상북도,포항시,병포2리 마을회관 주변,경상북도 포항시 남구 구룡포읍 병포리 469-52,129.54021589604312,35.98085212511222,165
경상북도,포항시,(구)구룡포중학교(포항과학기술고등학교) 운동장,경상북도 포항시 남구 구룡포읍 병포리 139-1,129.5505255300886,35.9832316735765,4538
경상북도,포항시,후동리 마을회관 주변,경상북도 포항시 남구 구룡포읍 후동리 226-1,129.531972707891,35.98715181828981,165
경상북도,포항시,눌태1리 마을회관 주변,경상북도 포항시 남구 구룡포읍 눌태리 225-0,129.53870472322006,35.992793662202494,165
경상북도,포항시,구룡포JC회관,경상북도 포항시 남구 구룡포읍 눌태리 46-2,129.54754249449596,35.986359914566805,478
경상북도,포항시,연일형산초등학교 운동장,경상북도 포항시 남구 연일읍 생지리 333-6,129.34175826856188,35.998570785722066,2475
경상북도,포항시,연일읍행정복지센터,경상북도 포항시 남구 연일읍 괴정리 289-1,129.3441524409176,35.99189773493576,2475
경상북도,포항시,영일고등학교 운동장,경상북도 포항시 남구 연일읍 동문리 47-1,129.35315161289873,35.99545251526285,6435
경상북도,포항시,연일초등학교 운동장,경상북도 포항시 남구 연일읍 동문리 333-1,129.34753021377813,35.99508438808804,5940
경상북도,포항시,청림운동장,경상북도 포항시 남구 일월동 713-0,129.4203274156483,36.000227690354684,5775
경상북도,포항시,인덕초등학교 운동장,경상북도 포항시 남구 인덕동 49-0,129.40213458445874,35.98433590732017,4125
경상북도,포항시,이마트주차장,경상북도 포항시 남구 인덕동 161-176,129.39793971239615,35.99190308068857,9900
경상북도,포항시,(구)구남분교장(구룡포초교) 운동장,경상북도 포항시 남구 구룡포읍 구평리 739-1,129.53691661404795,35.9493150977824,3548
경상북도,포항시,구평1리 마을회관 주변,경상북도 포항시 남구 구룡포읍 구평리 177-3,129.5340539593579,35.94207565581267,165
경상북도,포항시,장길리 마을회관 주변,경상북도 포항시 남구 구룡포읍 장길리 159-1,129.5440583947872,35.95330710080779,165
경상북도,포항시 남구,벤트풀빌라 옆,경상북도 포항시 남구 호미곶면 강사리 212-1,129.578006,36.036037,50
경상북도,포항시 남구,강사교회 앞 공터,경상북도 포항시 남구 호미곶면 강사리 437-4,129.57654,36.047199,64
경상북도,포항시 남구,해송모텔 앞,경상북도 포항시 남구 호미곶면 강사리 756-5,129.576221,36.055119,11
경상북도,포항시 남구,구룡포중학교 앞,경상북도 포항시 남구 구룡포읍 구룡포리 199-47,129.566992,35.990631,30
경상북도,포항시 남구,충혼탑 앞,경상북도 포항시 남구 구룡포읍 구룡포리 382-7,129.5608033,35.991107,330
경상북도,포항시 남구,해은사 앞,경상북도 포항시 남구 구룡포읍 구룡포리 94-14,129.5650457,35.996952,400
경상북도,포항시 남구,한빛수산 입구 도로,경상북도 포항시 남구 구룡포읍 구룡포리 331-18,129.565363,35.994695,270
경상북도,포항시 남구,구만리 389-1 주변,경상북도 포항시 남구 호미곶면 구만리 389-1,129.55080836,36.081356,185
경상북도,포항시 남구,호미곶팬션 앞,경상북도 포항시 남구 호미곶면 구만리 491-7,129.5480336,36.084611,50
경상북도,포항시 남구,건물 입구 공터,경상북도 포항시 남구 구룡포읍 구평리 112,129.533654,35.944446,89
경상북도,포항시 남구,대동배1리마을뒷산,경상북도 포항시 남구 호미곶면 대동배리 359,129.5344882,36.058403,77
경상북도,포항시 남구,두원리 버스승강장 앞,경상북도 포항시 남구 장기면 두원리 523-15,129.515828,35.84356,100
경상북도,포항시 남구,두원주유소 앞,경상북도 포항시 남구 장기면 두원리 57-1,129.518114,35.84891,1500
경상북도,포항시 남구,대진주유소 앞,경상북도 포항시 남구 장기면 대진리 87-3,129.517354,35.923007,58
경상북도,포항시 남구,모포초등학교 앞,경상북도 포항시 남구 장기면 모포리 94-2,129.5230262,35.93445,50
경상북도,포항시 남구,발산2리 마을뒤 공터,경상북도 포항시 남구 동해면 발산리 116-4,129.5191347,36.045009,30
경상북도,포항시 남구,발산교회 옆 공터,경상북도 포항시남구 동해면 발산리 376-4,129.5075376,36.033357,31
경상북도,포항시 남구,경북대수련원 앞 공터,경상북도 포항시남구 구룡포읍 하정리 31-3,129.5507552,35.975256,50
경상북도,포항시 남구,"구, 포항과학기술고등학교 앞",경상북도 포항시남구 구룡포읍 병포리 139-1,129.5509125,35.983203,50
경상북도,포항시 남구,MGM 그랜드모텔 앞,경상북도 포항시남구 구룡포읍 삼정리 485-3,129.568473,36.000185,400
경상북도,포항시 남구,우리수산 앞,경상북도 포항시 남구 구룡포읍 석병리 904-2,129.576506,36.014618,400
경상북도,포항시 남구,삼정2리 버스승강장 앞,경상북도 포항시남구 구룡포읍 삼정리 148-50,129.5743906,36.005419,200
경상북도,포항시 남구,세계원 횟집 앞,경상북도 포항시 남구 장기면 계원리 324,129.525328,35.861501,1011
경상북도,포항시 남구,등대회식당 버스승강장,경상북도 포항시 남구 장기면 계원리 26-3,129.5300464,35.868253,1500
경상북도,포항시 남구,구룡포청소년회관 앞,경상북도 포항시남구 구룡포읍 석병리 250,129.57412,36.029325,60
경상북도,포항시 남구,대성수산 입구 앞,경상북도 포항시남구 구룡포읍 석병리 20-1,129.5791441,36.03133,179
경상북도,포항시 남구,석병교회 옆,경상북도 포항시남구 구룡포읍 석병리 640-2,129.577431,36.021156,130
경상북도,포항시 남구,송도초등학교,경상북도 포항시남구 송도동 311-285,129.379902,36.033705,500
경상북도,포항시 남구,부산돼지국밥 옆,경상북도 포항시남구 장기면 신창리 237-2,129.523232,35.892418,70
경상북도,포항시 남구,신창리 산15-1 공터,경상북도 포항시남구 장기면 신창리 66-2,129.5259697,35.901097,179
경상북도,포항시 남구,황제노래연습장 앞,경상북도 포항시남구 장기면 신창리 479-4,129.526652,35.885226,97
경상북도,포항시 남구,신창리 400-1앞 도로 옆 공터,경상북도 포항시남구 장기면 신창리 400-1,129.526961,35.884167,1800
경상북도,포항시 남구,양포초등학교 앞,경상북도 포항시남구 장기면 양포리 487-18,129.513098,35.87631,82
경상북도,포항시 남구,영암리 버스승강장 앞,경상북도 포항시남구 장기면 영암리 101-2,129.5259994,35.904067,265
경상북도,포항시 남구,백경오토캠핑장 앞,경상북도 포항시남구 장기면 영암리 344-2,129.52541,35.909755,265
경상북도,포항시 남구,임곡1리 버스승강장 앞,경상북도 포항시 남구 동해면 임곡리 576-6,129.457401,35.994173,40
경상북도,포항시 남구,청룡회관 입구,경상북도 포항시남구 동해면 임곡리 310-2,129.461227,36.000212,41
경상북도,포항시 남구,카페마레 옆 공터,경상북도 포항시남구 동해면 입암리 652-2,129.4668447,36.007384,21
경상북도,포항시 남구,대동배1리보건진료소 앞,경상북도 포항시 남구 호미곶면 대동배리 420-3,129.531342,36.055591,80
경상북도,포항시 남구,대동배2리마을 뒤,경상북도 포항시 남구 호미곶면 대동배리 산26-6,129.5372641,36.065746,70
경상북도,포항시 남구,대동배2리버스승강장앞,경상북도 포항시 남구 호미곶면 대동배리 48-2,129.5407202,36.06488,50
경상북도,포항시 남구,동해초등학교 앞,경상북도 포항시 남구 동해면 도구리 670,129.4406359,35.988221,267
경상북도,포항시 남구,하정축양장 앞 공터,경상북도 포항시 남구 구룡포읍 하정리 115-2,129.552633,35.970759,350
경상북도,포항시 남구,대보초등학교 앞,경상북도 포항시 남구 호미곶면 구만리 123,129.5575016,36.078257,500
경상북도,포항시 남구,대보1교차로 앞,경상북도 포항시 남구 대보면 대보리 14-9,129.570062,36.065071,53
경상북도,포항시 남구,호미곶면사무소 앞,경상북도 포항시 남구 호미곶면 구만리 47-7,129.5556223,36.08065,15
경상북도,포항시 남구,마산리 마을 뒤 공터,경상북도 포항시 남구 동해면 마산리 68-6,129.489297,36.015451,55
경상북도,포항시 남구,포스코수련원 앞,경상북도 포항시남구 구룡포읍 삼정리 95-3,129.5765408,36.009397,80
경상북도,포항시북구,학산5어린이공원,경상북도 포항시 북구 항구동 344-6,129.375244,36.05692,100
경상북도,포항시북구,1박2일펜션 앞,경상북도 포항시 북구 송라면 방석리 104,129.381648,36.234638,280
경상북도,포항시북구,조사리버스승강장 앞,경상북도 포항시 북구 송라면 조사리 71-12,129.38448,36.222391,293
경상북도,포항시북구,방어침례교회 앞,경상북도 포항시 북구 청하면 방어리 122,129.381445,36.211907,200
경상북도,포항시북구,월포백번횟집앞,경상북도 포항시 북구 청하면 방어리 산16,129.376633,36.208705,200
경상북도,포항시북구,포항시립아트홀 앞,경상북도 포항시 북구 덕산동 129-1,129.3670106,36.040853,200
경상북도,포항시북구,사방기념관 입구,경상북도 포항시 북구 흥해읍 오도리 87,129.397939,36.163428,40
경상북도,포항시북구,오도해수욕장 입구,경상북도 포항시 북구 흥해읍 오도리 359-3,129.398396,36.154109,48
경상북도,포항시북구,작은펜션 앞 공터,경상북도 포항시 북구 흥해읍 오도리 543,129.396128,36.157311,40
경상북도,포항시북구,오션뷰 펜션 앞,경상북도 포항시 북구 청하면 용두리 49-2,129.369475,36.194667,160
경상북도,포항시북구,용한1리 마을입구,경상북도 포항시 북구 흥해읍 용한리 산 41-1,129.4266122,36.110027,21
경상북도,포항시 남구,마산리 버스승강장 앞 공터,경상북도 포항시 남구 동해면 마산리 69-5,129.489454,36.015143,50
경상북도,포항시 남구,흥환리 마을회관 뒷산,경상북도 포항시 남구 동해면 흥환리 314,129.5041477,36.026393,100
경상북도,포항시 남구,흥환주유소 옆 공터,경상북도 포항시 남구 동해면 흥환리 442-3,129.506836,36.024266,30
경상북도,포항시북구,곡강3리 마을뒷편 공터,경상북도 포항시 북구 흥해읍 곡강리 산87,129.398819,36.127621,20
경상북도,포항시북구,칠포해수욕장위부대앞,경상북도 포항시 북구 흥해읍 칠포리 산109-10,129.396475,36.132704,8
경상북도,포항시 남구,입암2리마을회관 앞 공터,경상북도 포항시남구 동해면 입암리 425-1,129.4769478,36.013278,20
경상북도,포항시 남구,청림초등학교 앞,경상북도 포항시남구 청림동 934-6,129.4042859,35.994415,500
경상북도,포항시 남구,해병대 북문 주변,경상북도 포항시 남구 일월동 675-1,129.415274,35.994076,150
경상북도,포항시 남구,장길리교회 앞,경상북도 포항시 남구 구룡포읍 장길리 108-3,129.545396,35.954415,89
경상북도,포항시 남구,하정리 269번지 도로,경상북도 포항시 남구 구룡포읍 하정리 269,129.5467968,35.965353,401
경상북도,포항시북구,월포다리,경상북도 포항시 북구 청하면 월포리 3-18,129.372621,36.207883,500
경상북도,포항시북구,월포초교 뒷뜰앞,경상북도 포항시 북구 청하면 용두리 481-2,129.367358,36.203407,506
경상북도,포항시북구,이가리 산68-3 일원,경상북도 포항시 북구 청하면 이가리 산68-3,129.378662,36.187751,200
경상북도,포항시북구,이가힐펜션 앞,경상북도 포항시 북구 청하면 이가리 911,129.3838917,36.183752,120
경상북도,포항시북구,죽천마을입구 앞 버스정류장,경상북도 포항시 북구 흥해읍 죽천리 711-1,129.4176845,36.091235,80
경상북도,포항시북구,죽천초등학교 앞,경상북도 포항시 북구 흥해읍 우목리 105,129.4276113,36.097243,200
경상북도,포항시북구,해뜨는집 앞 공터,경상북도 포항시 북구 흥해읍 죽천리 173-16,129.4175501,36.088605,90
경상북도,포항시북구,화진교 옆 공터,경상북도 포항시 북구 송라면 지경리 621,129.370461,36.250098,50
경상북도,포항시북구,화진휴게소 입구,경상북도 포항시 북구 송라면 지경리 342-6,129.371698,36.253542,140
경상북도,포항시북구,선정마을입구 앞,경상북도 포항시 북구 청하면 청진리 309,129.392816,36.174615,80
경상북도,포항시북구,스타팜펜션 앞 공터,경상북도 포항시 북구 청하면 청진리 413-1,129.396289,36.17027,50
경상북도,포항시북구,청진1리 GS주유소 앞,경상북도 포항시 북구 청하면 청진리 78,129.390466,36.179059,70
경상북도,포항시북구,칠포1리 고지대,경상북도 포항시 북구 흥해읍 칠포리 54-4,129.396806,36.145619,70
경상북도,포항시북구,칠포2주유소 앞 공터,경상북도 포항시 북구 흥해읍 칠포리 265-1,36.140836,129.392435,34
경상북도,포항시북구,환호 여중 앞,경상북도 포항시 북구 환호동 69,129.4007593,36.071086,370
경상북도,포항시북구,화진1리 버스정류장 옆,경상북도 포항시 북구 송라면 화진리 261-1,129.382398,36.236579,210
경상북도,포항시북구,화진2리 화진비치펜션 앞,경상북도 포항시 북구 송라면 화진리 180-1,129.381916,36.239312,208
경상북도,포항시북구,포항해양과학고 앞,경상북도 포항시 북구 환호동 2-8,129.406166,36.074059,200
경상북도,포항시북구,해안로511번길10,경상북도 포항시 북구 여남동 97,129.413185,36.073489,150
